,links
0,t.me/botdevelopment
1,t.me/tdlibchat
2,t.me/tgbeta
3,t.me/secretship
4,t.me/deeplink
5,t.me/telethonchat
6,t.me/botnews
7,t.me/proxy
8,t.me/rosesupportchat
9,t.me/telethonofftopic
10,t.me/botideaschat
11,t.me/telegramandroidtalk
12,t.me/thingsthanosdidwrong
13,t.me/tgbetachat
14,t.me/combotnews
15,t.me/hacker_news_feed
16,t.me/youtwitface
17,t.me/sitischu
18,t.me/pyrogramchat
19,t.me/pwrtelegramgroup
20,t.me/rupyrogram
21,t.me/tgopensource
22,t.me/iapictures
23,t.me/pytgcallschat
24,t.me/bottalk
25,t.me/pyrogramlounge
26,t.me/pyromodchat
27,t.me/vkbottle_ru
28,t.me/texnokun_uz
